{"accuracy": [0.5595276951789856, 0.8188918232917786, 0.8792943954467773, 0.9121986031532288, 0.9308485388755798, 0.9427697658538818, 0.9507930874824524, 0.9571804404258728, 0.9638523459434509, 0.9672664999961853], "loss": [1.530798316001892, 0.6058955192565918, 0.4050884246826172, 0.2962287366390228, 0.23390693962574005, 0.19949299097061157, 0.17424947023391724, 0.1591440886259079, 0.13117924332618713, 0.11958607286214828], "val_accuracy": [0.8225017189979553, 0.8730366230010986, 0.9207261800765991, 0.9274413585662842, 0.9445139765739441, 0.9353516697883606, 0.9463919997215271, 0.9609037041664124, 0.9591964483261108, 0.936034619808197], "val_loss": [0.5574313998222351, 0.410098671913147, 0.2557016611099243, 0.25836747884750366, 0.1966840922832489, 0.2578805088996887, 0.20261499285697937, 0.1349688023328781, 0.17916572093963623, 0.3043108582496643]}